{
  "confidence": 0.95,
  "loss_threshold": 0.05,
  "symbols": {
    "AAPL": {
      "historical_var": 0.01311411049148338,
      "historical_cvar": 0.01949050147025249,
      "max_drawdown": {
        "mean": 0.0560614301744178,
        "p95": 0.09274562101882741,
        "worst": 0.11320446531675628
      },
      "probability_loss_gt_threshold": 0.26,
      "simulated_quantiles": {
        "q01": -0.10247917811936273,
        "q05": -0.08282771600021914,
        "q25": -0.05337352078813029,
        "q50": -0.027622869326815236,
        "q75": 0.016946110275683157,
        "q95": 0.059019202775201854,
        "q99": 0.07347311736300949
      }
    }
  },
  "portfolio": {
    "historical_var": 0.01311411049148338,
    "historical_cvar": 0.01949050147025249,
    "max_drawdown": {
      "mean": 0.0560614301744178,
      "p95": 0.09274562101882741,
      "worst": 0.11320446531675628
    },
    "probability_loss_gt_threshold": 0.26,
    "simulated_quantiles": {
      "q01": -0.10247917811936273,
      "q05": -0.08282771600021914,
      "q25": -0.05337352078813029,
      "q50": -0.027622869326815236,
      "q75": 0.016946110275683157,
      "q95": 0.059019202775201854,
      "q99": 0.07347311736300949
    }
  }
}