{
  "confidence": 0.95,
  "loss_threshold": 0.05,
  "symbols": {
    "AAPL": {
      "historical_var": 0.01311411049148338,
      "historical_cvar": 0.01949050147025249,
      "max_drawdown": {
        "mean": 0.0724883214202561,
        "p95": 0.13965638660884783,
        "worst": 0.16769497248909748
      },
      "probability_loss_gt_threshold": 0.3,
      "simulated_quantiles": {
        "q01": -0.14780038367162623,
        "q05": -0.12593367376209885,
        "q25": -0.05677007362147998,
        "q50": -0.02742943708686779,
        "q75": 0.01304499495300726,
        "q95": 0.07172679442014186,
        "q99": 0.09367659915481712
      }
    }
  },
  "portfolio": {
    "historical_var": 0.01311411049148338,
    "historical_cvar": 0.01949050147025249,
    "max_drawdown": {
      "mean": 0.0724883214202561,
      "p95": 0.13965638660884783,
      "worst": 0.16769497248909748
    },
    "probability_loss_gt_threshold": 0.3,
    "simulated_quantiles": {
      "q01": -0.14780038367162623,
      "q05": -0.12593367376209885,
      "q25": -0.05677007362147998,
      "q50": -0.02742943708686779,
      "q75": 0.01304499495300726,
      "q95": 0.07172679442014186,
      "q99": 0.09367659915481712
    }
  }
}