{
  "config": {
    "n_paths": 50,
    "horizon_days": 20,
    "seed": 42
  },
  "symbols": [
    "AAPL"
  ],
  "symbol_quantiles": {
    "AAPL": {
      "p5": -0.08282771600021914,
      "p50": -0.027622869326815236,
      "p95": 0.059019202775201854
    }
  },
  "portfolio_quantiles": {
    "p5": -0.08282771600021914,
    "p50": -0.027622869326815236,
    "p95": 0.059019202775201854
  }
}