{
  "config": {
    "n_paths": 80,
    "horizon_days": 25,
    "seed": 42
  },
  "symbols": [
    "AAPL",
    "MSFT"
  ],
  "symbol_quantiles": {
    "AAPL": {
      "p5": -0.07965986150286003,
      "p50": -0.007480688887241904,
      "p95": 0.12964243665819614
    },
    "MSFT": {
      "p5": -0.006980007761978832,
      "p50": 0.07668255864027085,
      "p95": 0.16428833422094988
    }
  },
  "portfolio_quantiles": {
    "p5": -0.02343672140136806,
    "p50": 0.05210100441162113,
    "p95": 0.14163534889456747
  }
}