{
  "config": {
    "n_paths": 100,
    "horizon_days": 30,
    "seed": 42
  },
  "symbols": [
    "AAPL"
  ],
  "symbol_quantiles": {
    "AAPL": {
      "p5": -0.12593367376209885,
      "p50": -0.02742943708686779,
      "p95": 0.07172679442014186
    }
  },
  "portfolio_quantiles": {
    "p5": -0.12593367376209885,
    "p50": -0.02742943708686779,
    "p95": 0.07172679442014186
  }
}