{
  "confidence": 0.95,
  "loss_threshold": 0.05,
  "symbols": {
    "AAPL": {
      "historical_var": 0.019439174551916884,
      "historical_cvar": 0.019547534753510575,
      "max_drawdown": {
        "mean": 0.0499924184861832,
        "p95": 0.09243350280004356,
        "worst": 0.11722671795904896
      },
      "probability_loss_gt_threshold": 0.125,
      "simulated_quantiles": {
        "q01": -0.07505102427428387,
        "q05": -0.06859775496939541,
        "q25": -0.038725059527650096,
        "q50": -0.008220029245101457,
        "q75": 0.008637352324758651,
        "q95": 0.05802946738101439,
        "q99": 0.08520646063612418
      }
    }
  },
  "portfolio": {
    "historical_var": 0.019439174551916884,
    "historical_cvar": 0.019547534753510575,
    "max_drawdown": {
      "mean": 0.0499924184861832,
      "p95": 0.09243350280004356,
      "worst": 0.11722671795904896
    },
    "probability_loss_gt_threshold": 0.125,
    "simulated_quantiles": {
      "q01": -0.07505102427428387,
      "q05": -0.06859775496939541,
      "q25": -0.038725059527650096,
      "q50": -0.008220029245101457,
      "q75": 0.008637352324758651,
      "q95": 0.05802946738101439,
      "q99": 0.08520646063612418
    }
  }
}