{
  "config": {
    "n_paths": 40,
    "horizon_days": 15,
    "seed": 42
  },
  "symbols": [
    "AAPL"
  ],
  "symbol_quantiles": {
    "AAPL": {
      "p5": -0.06859775496939541,
      "p50": -0.008220029245101457,
      "p95": 0.05802946738101439
    }
  },
  "portfolio_quantiles": {
    "p5": -0.06859775496939541,
    "p50": -0.008220029245101457,
    "p95": 0.05802946738101439
  }
}