{
  "confidence": 0.95,
  "loss_threshold": 0.05,
  "symbols": {
    "AAPL": {
      "historical_var": 0.01311411049148338,
      "historical_cvar": 0.01949050147025249,
      "max_drawdown": {
        "mean": 0.05710005923996113,
        "p95": 0.10367082393363264,
        "worst": 0.1282006210807821
      },
      "probability_loss_gt_threshold": 0.2375,
      "simulated_quantiles": {
        "q01": -0.09746423031275128,
        "q05": -0.07965986150286003,
        "q25": -0.04828945099788437,
        "q50": -0.007480688887241904,
        "q75": 0.025837737930892724,
        "q95": 0.12964243665819614,
        "q99": 0.14268202330258378
      }
    },
    "MSFT": {
      "historical_var": 0.014043799852326672,
      "historical_cvar": 0.024539994423139946,
      "max_drawdown": {
        "mean": 0.032103924889971915,
        "p95": 0.061213622537419465,
        "worst": 0.07176841825168735
      },
      "probability_loss_gt_threshold": 0.025,
      "simulated_quantiles": {
        "q01": -0.0526273981301939,
        "q05": -0.006980007761978832,
        "q25": 0.03851995577268319,
        "q50": 0.07668255864027085,
        "q75": 0.12313457626598201,
        "q95": 0.16428833422094988,
        "q99": 0.24561766511208344
      }
    }
  },
  "portfolio": {
    "historical_var": 0.011370272448804307,
    "historical_cvar": 0.01999146759503041,
    "max_drawdown": {
      "mean": 0.03230700646325085,
      "p95": 0.06889739893493434,
      "worst": 0.0742718073711494
    },
    "probability_loss_gt_threshold": 0.0125,
    "simulated_quantiles": {
      "q01": -0.046033539634794,
      "q05": -0.02343672140136806,
      "q25": 0.011773593845448516,
      "q50": 0.05210100441162113,
      "q75": 0.08457955933141609,
      "q95": 0.14163534889456747,
      "q99": 0.19375684451709038
    }
  }
}